COD_WMO,UF,ESTACAO,LAT,LON,ALT,SOLAR_IRRAD_kwh_m2_dia,WIND_SPEED_ms,anos_disponiveis,dias_validos_total
A353,AL,ARAPIRACA,-9.80444444,-36.61916666,236.84,4.5299,2.1863,4,764
A355,AL,CORURIPE,-10.1286111,-36.28638888,82.39,4.5111,2.3077,4,1303
A303,AL,MACEIO,-9.55111111,-35.77027777,84.12,4.8287,2.4474,4,1409
A327,AL,PALMEIRA DOS INDIOS,-9.42027777,-36.62027777,278.01,4.6692,1.3826,4,1208
A323,AL,PAO DE ACUCAR,-9.74916666,-37.43083332,20.83,5.4434,1.5646,4,1164
A371,AL,PIRANHAS,-9.62222221,-37.76722221,187.0,5.0448,2.3472,4,1405
A356,AL,SAO LUIS DO QUITUNDE,-9.28749999,-35.56583333,13.69,3.8081,1.9451,4,799
A434,BA,AMARGOSA,-13.00944444,-39.61694443,397.8,4.1515,1.3079,4,1132
A429,BA,BARRA,-11.08472221,-43.13888888,407.5,5.4371,1.6717,4,1247
A402,BA,BARREIRAS,-12.12472221,-45.02694443,474.17,5.0762,0.2449,4,1461
A447,BA,BELMONTE,-16.08805555,-39.21527777,89.67,4.6195,1.5627,4,1162
A418,BA,BOM JESUS DA LAPA,-13.25111111,-43.40527777,447.75,5.1257,1.0664,4,828
A433,BA,BRUMADO,-14.18194443,-41.67222221,473.37,4.7485,1.5429,4,1416
A432,BA,BURITIRAMA,-10.72305554,-43.65111111,506.06,4.8416,2.0629,4,720
A405,BA,CARAVELAS,-17.73944444,-39.25861111,6.05,3.1177,3.0506,4,1142
A431,BA,CONDE,-12.03583333,-37.68388888,31.9,5.1098,3.2344,4,704
A416,BA,CORRENTINA,-13.33249999,-44.61749999,551.71,5.0238,1.4568,4,1413
A406,BA,CRUZ DAS ALMAS,-12.67555554,-39.08944444,219.76,4.466,1.7882,4,1321
A448,BA,CURACA,-9.00138888,-39.9125,370.0,4.6092,2.8665,4,806
A443,BA,DELFINO,-10.455,-41.20694444,646.24,3.4513,1.9873,4,850
A442,BA,EUCLIDES DA CUNHA,-10.537233,-38.996605,431.96,3.9726,2.8527,4,1181
A413,BA,FEIRA DE SANTANA,-12.1961111,-38.96749999,229.64,4.3302,2.4212,4,966
A452,BA,FORMOSA DO RIO PRETO,-11.05222222,-45.20083333,488.0,4.8413,1.2008,4,945
A426,BA,GUANAMBI,-14.20805555,-42.74972221,552.23,6.6207,3.644,4,1266
A439,BA,IBOTIRAMA,-12.19305555,-43.21333333,425.12,5.4694,1.3514,4,907
A410,BA,ILHEUS,-14.65888888,-39.18138888,80.21,4.3873,2.1415,4,1087
A445,BA,IPIAU,-14.17138888,-39.69249999,132.11,4.259,1.0391,4,757
A424,BA,IRECE,-11.328998,-41.864504,768.42,5.3046,2.6658,4,1461
A408,BA,ITABERABA,-12.52416666,-40.29972221,250.11,2.7297,1.7706,4,1403
A455,BA,ITAMARAJU,-17.00694444,-39.55805555,110.0,4.1676,2.6692,4,670
A446,BA,ITAPETINGA,-15.24472221,-40.22944443,271.48,4.5534,2.0006,4,1041
A407,BA,ITIRUCU,-13.527828,-40.119752,757.42,3.5047,1.6648,4,1043
A440,BA,JACOBINA,-11.205,-40.465,440.78,2.9159,1.7652,4,333
A450,BA,JEREMOABO,-10.08083332,-38.34583333,261.0,3.6369,2.554,4,830
A425,BA,LENCOIS,-12.557854,-41.388808,438.09,4.0211,0.6736,4,873
A404,BA,LUIZ EDUARDO MAGALHAES,-12.1525,-45.82972221,760.68,4.4065,2.1824,4,1130
A412,BA,MACAJUBA,-12.13166666,-40.35416666,338.85,4.0897,2.8851,4,175
A438,BA,MARAU,-13.90694444,-38.97222221,6.24,4.4975,1.7153,4,563
A430,BA,PIATA,-13.155681,-41.774125,1283.95,4.9039,2.7089,4,1050
A427,BA,PORTO SEGURO,-16.38888888,-39.18249999,86.36,4.0714,1.6027,4,751
A436,BA,QUEIMADAS,-10.98472221,-39.61694443,310.11,4.4364,2.9504,4,730
A423,BA,REMANSO,-9.62555554,-42.07722221,397.4,5.8436,3.4529,4,1117
A458,BA,RIBEIRA DO AMPARO,-11.05861111,-38.44416666,182.0,4.7977,2.1407,4,1460
A401,BA,SALVADOR,-13.005515,-38.50576,47.56,4.3846,1.2137,4,1461
A456,BA,SALVADOR (RADIO FAROL),-12.80833333,-38.49583333,31.0,4.2383,1.3795,4,1211
A415,BA,SANTA RITA DE CASSIA,-11.00277777,-44.52499999,450.01,4.578,2.3732,4,1133
A428,BA,SENHOR DO BONFIM,-10.44305555,-40.14833333,532.09,3.5147,2.6937,4,1171
A441,BA,SERRINHA,-11.66472222,-39.02305554,337.79,4.4038,2.5843,4,82
A437,BA,UNA,-15.28027777,-39.09138888,74.08,4.4489,1.2542,4,791
A444,BA,VALENCA,-13.3436111,-39.12666666,93.12,4.163,1.3006,4,629
A414,BA,VITORIA DA CONQUISTA,-14.88638888,-40.80138888,879.38,5.3092,2.0416,4,1461
A360,CE,ACARAU,-3.1211111,-40.08722221,67.15,4.9779,3.1715,4,673
A315,CE,BARBALHA,-7.30083333,-39.2711111,409.41,2.9986,1.3438,4,354
A347,CE,CAMPOS SALES,-7.07777777,-40.36277777,577.95,4.3149,2.5042,4,422
A342,CE,CRATEUS,-5.18666666,-40.67222221,298.19,3.1532,1.8147,4,1258
A305,CE,FORTALEZA,-3.81583333,-38.53777777,29.55,3.7014,2.2253,4,883
A314,CE,GUARAMIRANGA,-4.22916666,-38.95888888,865.53,3.13,1.9004,4,356
A319,CE,IGUATU,-6.39638888,-39.26888888,221.56,3.2213,2.288,4,1024
A359,CE,ITAPIPOCA,-3.48416666,-39.5886111,104.49,4.4798,3.8603,4,607
A358,CE,JAGUARIBE,-5.90555555,-38.62777777,149.31,5.0256,2.5248,4,921
A339,CE,JAGUARUANA,-4.78694444,-37.76666666,49.0,5.065,3.1842,4,999
A332,CE,MORADA NOVA,-5.0911111,-38.36472222,92.0,4.8204,2.8202,4,1458
A369,CE,QUIXADA,-4.97888888,-39.05722222,193.0,2.4218,2.214,4,903
A325,CE,QUIXERAMOBIM,-5.17444443,-39.28944444,221.04,4.9001,2.6845,4,968
A306,CE,SOBRAL,-3.74805555,-40.34583333,92.07,4.5471,0.6455,4,487
A324,CE,TAUA,-6.01749999,-40.28138888,410.87,5.0196,2.6817,4,260
A368,CE,TIANGUA,-3.73222221,-41.01194444,756.0,5.185,3.4328,4,702
A223,MA,ALTO PARNAIBA,-9.10833333,-45.93194443,283.69,4.5132,0.774,4,979
A220,MA,BACABAL,-4.24305555,-44.79499999,22.33,4.5337,1.0661,4,291
A204,MA,BALSAS,-7.45555555,-46.02749999,271.03,4.7653,1.1146,4,709
A221,MA,BARRA DO CORDA,-5.50666666,-45.23694444,154.19,4.4455,1.4359,4,567
A205,MA,CAROLINA,-7.33722221,-47.45972222,182.88,4.512,1.0936,4,976
A237,MA,CAXIAS,-4.82138888,-43.3436111,84.85,4.6337,1.2896,4,1366
A206,MA,CHAPADINHA,-3.74277777,-43.35222222,104.0,4.7695,1.8122,4,1365
A222,MA,COLINAS,-6.03305554,-44.23333333,175.37,3.9593,0.7902,4,1097
A224,MA,ESTREITO,-6.65333333,-47.41833332,182.96,4.4488,0.4109,4,1256
A225,MA,IMPERATRIZ,-5.55583333,-47.45972222,117.96,4.1282,1.2932,4,1282
A203,MA,SAO LUIS,-2.52666666,-44.21361111,54.8,4.2627,1.678,4,1386
A219,MA,TURIACU,-1.66111111,-45.37249999,35.86,3.7373,2.4169,4,925
A255,MA,ZE DOCA,-3.26916666,-45.65111111,45.5,3.5883,2.147,4,1454
A310,PB,AREIA,-6.975451,-35.718128,573.45,3.2551,3.1068,4,485
A348,PB,CABACEIRAS,-7.48333333,-36.28638888,391.96,4.6118,1.1857,4,1140
A352,PB,CAMARATUBA,-6.56194444,-35.13527777,135.51,5.0204,1.2517,4,1419
A313,PB,CAMPINA GRANDE,-7.225574,-35.904831,546.17,4.9751,3.1329,4,1322
A373,PB,ITAPORANGA,-7.31833332,-38.14083333,292.0,6.5064,2.0408,4,628
A320,PB,JOAO PESSOA,-7.16527777,-34.81555555,33.5,4.9658,1.0817,4,1195
A334,PB,MONTEIRO,-7.89444444,-37.12472221,606.39,5.5967,1.5941,4,1083
A321,PB,PATOS,-7.07972221,-37.27277777,263.66,5.1932,2.6427,4,1248
A333,PB,SAO GONCALO,-6.835777,-38.311583,237.04,5.4984,1.4757,4,1460
A309,PE,ARCO VERDE,-8.4336111,-37.05555555,683.95,4.7102,2.7801,4,1367
A329,PE,CABROBO,-8.50388888,-39.31527777,342.74,5.3234,0.6339,4,1240
A341,PE,CARUARU,-8.36527777,-36.02833332,852.0,3.8705,2.3358,4,1021
A351,PE,FLORESTA,-8.59888888,-38.58416666,327.42,5.2916,2.8319,4,970
A322,PE,GARANHUNS,-8.91083333,-36.49333333,827.78,4.7999,2.5449,4,1309
A349,PE,IBIMIRIM,-8.50944444,-37.71166666,434.23,5.9546,2.7036,4,1202
A366,PE,OURICURI,-7.88583333,-40.10277777,457.85,4.7461,2.469,4,1046
A357,PE,PALMARES,-8.66666666,-35.56805554,164.01,4.7189,1.9478,4,958
A307,PE,PETROLINA,-9.38833333,-40.52333332,372.72,3.4392,3.1901,4,222
A370,PE,SALGUEIRO,-8.05805555,-39.0961111,447.0,4.9995,2.1042,4,1461
A350,PE,SERRA TALHADA,-7.95416666,-38.29499999,499.02,5.0507,2.1544,4,709
A328,PE,SURUBIM,-7.83972221,-35.80111111,421.44,4.9613,3.2862,4,1011
A336,PI,ALVORADA DO GURGUEIA,-8.44166666,-43.86555555,261.26,3.5945,1.8099,4,622
A377,PI,ANGICAL DO PIAUI,-6.08944444,-42.72749999,183.0,3.5732,1.0112,4,412
A375,PI,BAIXA GRANDE DO RIBEIRO,-8.333531,-45.094625,519.0,4.7883,1.8855,4,1459
A326,PI,BOM JESUS DO PIAUI,-9.08333333,-44.32638888,296.0,4.9997,1.1071,4,1052
A376,PI,CAMPO MAIOR,-4.86416666,-42.14555555,125.0,6.1916,1.5228,4,1167
A365,PI,CANTO DO BURITI,-8.11805554,-42.97583332,312.07,5.0691,2.2578,4,1304
A337,PI,CARACOL,-9.28583333,-43.32444443,515.3,2.1434,2.042,4,383
A361,PI,CASTELO DO PIAUI,-5.34916666,-41.51222222,268.75,5.2118,1.8649,4,1210
A374,PI,CORRENTE,-10.42916666,-45.17305554,452.0,5.0368,1.5377,4,1461
A311,PI,FLORIANO,-6.76138888,-43.00333333,126.39,3.9872,1.141,4,586
A364,PI,GILBUES,-9.87527777,-45.34583333,425.1,5.3999,2.0536,4,1022
A354,PI,OEIRAS,-6.97416666,-42.14694444,154.03,5.1163,1.7475,4,1182
A308,PI,PARNAIBA,-3.08666666,-41.78305554,52.11,5.2834,2.6243,4,783
A330,PI,PAULISTANA,-8.132288,-41.142945,376.0,6.1084,2.9973,4,1461
A343,PI,PICOS,-7.0711111,-41.40416666,232.91,2.7191,2.0113,4,1454
A335,PI,PIRIPIRI,-4.276047,-41.794568,157.89,4.8396,1.8219,4,1307
A331,PI,SAO JOAO DO PIAUI,-8.36444444,-42.2525,231.0,5.1017,2.3697,4,1000
A345,PI,SAO RAIMUNDO NONATO,-9.03305554,-42.70111111,385.0,4.4181,2.1208,4,960
A312,PI,TERESINA,-5.03472221,-42.80138888,75.23,3.8503,1.112,4,972
A346,PI,URUCUI,-7.44138888,-44.34499999,398.83,5.0065,0.5987,4,1251
A363,PI,VALENCA DO PIAUI,-6.39916666,-41.73999999,313.39,5.2481,2.3063,4,1248
A340,RN,APODI,-5.62666666,-37.815,131.41,5.9616,2.5347,4,658
A316,RN,CAICO,-6.46749999,-37.08499999,171.26,5.1249,2.568,4,1458
A344,RN,CALCANHAR,-5.16,-35.48749999,9.82,5.664,8.0581,4,306
A372,RN,IPANGUACU,-5.53499999,-36.87222221,19.0,3.9705,2.4549,4,1214
A317,RN,MACAU,-5.15111111,-36.57305554,17.37,5.1619,4.4468,4,1158
A318,RN,MOSSORO,-4.90416666,-37.36694443,29.44,4.8561,3.1962,4,967
A304,RN,NATAL,-5.83722221,-35.20805555,47.46,5.334,3.8306,4,1105
A367,RN,SANTA CRUZ,-6.22805554,-36.02666666,227.49,4.8768,2.3965,4,822
A409,SE,ARACAJU,-10.9525,-37.05444444,3.72,4.4717,2.3107,4,1067
A421,SE,BREJO GRANDE,-10.47388888,-36.48194443,6.11,6.7985,1.9147,4,863
A417,SE,ITABAIANINHA,-11.2725,-37.795,204.8,4.6534,2.6577,4,1346
A453,SE,NOSSA SENHORA DA GLORIA,-10.20777777,-37.43194443,271.0,5.6647,3.0808,4,885
